player,name,position,team,mean_adp,median_adp,n_drafts,player_norm,sleeper_rank,rtsports_rank,fftoday_espn_rank,avg_rank,position_fft
15281,"Chase, Ja'Marr",WR,CIN,1.9842931937172776,1.0,191,jamarr chase,1,1.0,1.0,1.0,WR
16161,"Robinson, Bijan",RB,ATL,3.324607329842932,3.0,191,bijan robinson,3,2.0,2.0,2.3,RB
13604,"Barkley, Saquon",RB,PHI,4.110526315789474,4.0,190,saquon barkley,2,4.0,3.0,3.0,RB
16162,"Gibbs, Jahmyr",RB,DET,4.356020942408377,4.0,191,jahmyr gibbs,4,3.0,5.0,4.0,RB
13589,"Allen, Josh",QB,BUF,6.267015706806283,6.0,191,josh allen,20,25.0,19.0,21.3,QB
14832,"Lamb, CeeDee",WR,DAL,7.026041666666667,6.0,192,ceedee lamb,6,5.0,6.0,5.7,WR
14836,"Jefferson, Justin",WR,MIN,8.282722513089006,8.0,191,justin jefferson,5,6.0,4.0,5.0,WR
13130,"McCaffrey, Christian",RB,SFO,9.645833333333334,9.0,192,christian mccaffrey,11,7.0,7.0,8.3,RB
12626,"Henry, Derrick",RB,BAL,9.932291666666666,9.0,192,derrick henry,8,12.0,12.0,10.7,RB
15287,"St. Brown, Amon-Ra",WR,DET,10.875647668393782,10.0,193,amon-ra st brown,7,10.0,9.0,8.7,WR
17042,"Jeanty, Ashton",RB,LVR,12.706806282722512,12.0,191,ashton jeanty,12,8.0,11.0,10.3,RB
13593,"Jackson, Lamar",QB,BAL,16.031413612565444,15.0,191,lamar jackson,21,24.0,23.0,22.7,QB
15290,"Collins, Nico",WR,HOU,16.083333333333332,14.0,192,nico collins,13,11.0,13.0,12.3,WR
16211,"Nacua, Puka",WR,LAR,16.161458333333332,15.0,192,puka nacua,9,17.0,8.0,11.3,WR
16615,"Nabers, Malik",WR,NYG,16.869791666666668,16.0,192,malik nabers,10,9.0,10.0,9.7,WR
14073,"Jacobs, Josh",RB,GBP,18.661458333333332,18.0,192,josh jacobs,16,15.0,18.0,16.3,RB
14802,"Taylor, Jonathan",RB,IND,19.167539267015705,18.0,191,jonathan taylor,23,20.0,15.0,19.3,RB
16618,"Thomas Jr., Brian",WR,JAC,21.642105263157895,20.0,190,brian thomas jr,15,14.0,16.0,15.0,WR
16167,"Achane, De'Von",RB,MIA,22.268421052631577,21.0,190,devon achane,14,18.0,14.0,15.3,RB
15710,"Williams, Kyren",RB,LAR,22.71875,21.0,192,kyren williams,25,22.0,30.0,25.7,RB
16598,"Irving, Bucky",RB,TBB,22.772486772486772,21.0,189,bucky irving,22,16.0,22.0,20.0,RB
14777,"Burrow, Joe",QB,CIN,24.00523560209424,23.0,191,joe burrow,36,37.0,33.0,35.3,QB
16181,"Brown, Chase",RB,CIN,24.30366492146597,23.0,191,chase brown,27,13.0,24.0,21.3,RB
14104,"Brown, A.J.",WR,PHI,25.447916666666668,26.0,192,aj brown,19,23.0,17.0,19.7,WR
15751,"London, Drake",WR,ATL,25.666666666666668,25.0,192,drake london,17,19.0,21.0,19.0,WR
16641,"Bowers, Brock",TE,LVR,27.36315789473684,27.0,190,brock bowers,18,21.0,20.0,19.7,TE
16581,"Daniels, Jayden",QB,WAS,27.92063492063492,27.0,189,jayden daniels,32,32.0,27.0,30.3,QB
15715,"Cook, James",RB,BUF,29.963541666666668,30.0,192,james cook,31,27.0,32.0,30.0,RB
14783,"Hurts, Jalen",QB,PHI,30.18324607329843,30.0,191,jalen hurts,33,44.0,28.0,35.0,QB
16627,"McConkey, Ladd",WR,LAC,30.81151832460733,29.0,191,ladd mcconkey,24,29.0,29.0,27.3,WR
15794,"McBride, Trey",TE,ARI,34.50261780104712,34.0,191,trey mcbride,28,28.0,25.0,27.0,TE
13132,"Kamara, Alvin",RB,NOS,34.52879581151832,33.0,191,alvin kamara,38,30.0,38.0,35.3,RB
14835,"Higgins, Tee",WR,CIN,36.833333333333336,37.0,192,tee higgins,30,36.0,26.0,30.7,WR
12801,"Hill, Tyreek",WR,MIA,37.088541666666664,37.0,192,tyreek hill,26,31.0,31.0,29.3,WR
17044,"Hampton, Omarion",RB,LAC,37.397905759162306,36.0,191,omarion hampton,41,26.0,39.0,35.3,RB
11671,"Evans, Mike",WR,TBB,37.625,38.0,192,mike evans,40,49.0,41.0,43.3,WR
16185,"Smith-Njigba, Jaxon",WR,SEA,37.65263157894737,36.0,190,jaxon smith-njigba,29,33.0,37.0,33.0,WR
15708,"Hall, Breece",RB,NYJ,37.901041666666664,36.0,192,breece hall,35,34.0,51.0,40.0,RB
14109,"McLaurin, Terry",WR,WAS,41.51322751322751,40.0,189,terry mclaurin,42,40.0,36.0,39.3,WR
17043,"Henderson, TreVeyon",RB,NEP,43.111111111111114,42.0,189,treveyon henderson,54,35.0,48.0,45.7,RB
13146,"Conner, James",RB,ARI,43.324607329842934,42.0,191,james conner,48,46.0,46.0,46.7,RB
15753,"Wilson, Garrett",WR,NYJ,44.54736842105263,44.0,190,garrett wilson,34,43.0,42.0,39.7,WR
13299,"Kittle, George",TE,SFO,44.62105263157895,43.0,190,george kittle,37,41.0,35.0,37.7,TE
16614,"Harrison Jr., Marvin",WR,ARI,44.642105263157895,44.5,190,marvin harrison jr,39,45.0,45.0,43.0,WR
13116,"Mahomes, Patrick",QB,KCC,46.596858638743456,45.0,191,patrick mahomes,50,59.0,43.0,50.7,QB
11675,"Adams, Davante",WR,LAR,47.45026178010471,46.0,191,davante adams,43,42.0,34.0,39.7,WR
15261,"Hubbard, Chuba",RB,CAR,48.6031746031746,48.0,189,chuba hubbard,46,39.0,40.0,41.7,RB
14102,"Metcalf, DK",WR,PIT,53.06878306878307,53.0,189,dk metcalf,45,53.0,47.0,48.3,WR
13630,"Sutton, Courtland",WR,DEN,54.88421052631579,53.0,190,courtland sutton,52,50.0,57.0,53.0,WR
13635,"Moore, D.J.",WR,CHI,56.55789473684211,55.0,190,dj moore,49,51.0,53.0,51.0,WR
16214,"LaPorta, Sam",TE,DET,57.95744680851064,54.0,188,sam laporta,47,65.0,49.0,53.7,TE
17068,"Harvey, RJ",RB,DEN,59.080213903743314,57.0,187,rj harvey,64,48.0,75.0,62.3,RB
13590,"Mayfield, Baker",QB,TBB,59.252631578947366,58.0,190,baker mayfield,65,73.0,52.0,63.3,QB
16620,"Worthy, Xavier",WR,KCC,60.05820105820106,60.0,189,xavier worthy,57,61.0,50.0,56.0,WR
13319,"Jones, Aaron",RB,MIN,60.373684210526314,59.0,190,aaron jones,67,57.0,69.0,64.3,RB
16190,"Flowers, Zay",WR,BAL,62.67021276595744,61.0,188,zay flowers,56,68.0,55.0,59.7,WR
17071,"McMillan, Tetairoa",WR,CAR,62.86772486772487,60.0,189,tetairoa mcmillan,62,52.0,72.0,62.0,WR
14797,"Swift, D'Andre",RB,CHI,64.06842105263158,62.0,190,dandre swift,68,47.0,54.0,56.3,RB
15756,"Williams, Jameson",WR,DET,64.7127659574468,63.0,188,jameson williams,63,64.0,66.0,64.3,WR
15749,"Pacheco, Isiah",RB,KCC,65.08421052631579,64.0,190,isiah pacheco,60,55.0,63.0,59.3,RB
15282,"Smith, DeVonta",WR,PHI,65.47340425531915,64.0,188,devonta smith,55,60.0,62.0,59.0,WR
14071,"Montgomery, David",RB,DET,67.17647058823529,68.0,187,david montgomery,53,58.0,59.0,56.7,RB
16582,"Nix, Bo",QB,DEN,67.27127659574468,69.0,188,bo nix,72,77.0,68.0,72.3,QB
15762,"Pickens, George",WR,DAL,68.76595744680851,67.0,188,george pickens,59,62.0,65.0,62.0,WR
11244,"Kelce, Travis",TE,KCC,69.47340425531915,68.5,188,travis kelce,61,63.0,58.0,60.7,TE
14085,"Pollard, Tony",RB,TEN,71.05319148936171,68.5,188,tony pollard,74,54.0,70.0,66.0,RB
13629,"Ridley, Calvin",WR,TEN,72.7663043478261,69.5,184,calvin ridley,70,56.0,61.0,62.3,WR
14833,"Jeudy, Jerry",WR,CLE,73.2054054054054,70.0,185,jerry jeudy,75,67.0,67.0,69.7,WR
14056,"Murray, Kyler",QB,ARI,75.98395721925134,75.0,187,kyler murray,93,106.0,77.0,92.0,QB
13671,"Andrews, Mark",TE,BAL,76.78888888888889,74.0,180,mark andrews,71,92.0,73.0,78.7,TE
15754,"Olave, Chris",WR,NOS,78.93010752688173,77.0,186,chris olave,76,82.0,84.0,80.7,WR
14138,"Hockenson, T.J.",TE,MIN,79.05555555555556,77.0,180,tj hockenson,58,76.0,56.0,63.3,TE
17074,"Hunter, Travis",WR,JAC,79.42162162162163,78.0,185,travis hunter,66,74.0,74.0,71.3,WR
12611,"Goff, Jared",QB,DET,80.2872340425532,78.5,188,jared goff,88,116.0,120.0,108.0,QB
16616,"Odunze, Rome",WR,CHI,83.46153846153847,80.0,182,rome odunze,80,83.0,76.0,79.7,WR
15742,"Warren, Jaylen",RB,PIT,83.88829787234043,84.0,188,jaylen warren,96,72.0,85.0,84.3,RB
16194,"Rice, Rashee",WR,KCC,84.3757225433526,82.0,173,rashee rice,51,70.0,60.0,60.3,WR
12620,"Prescott, Dak",QB,DAL,85.57219251336899,85.0,187,dak prescott,115,93.0,101.0,103.0,QB
15284,"Waddle, Jaylen",WR,MIA,85.57608695652173,82.5,184,jaylen waddle,69,78.0,64.0,70.3,WR
13192,"Njoku, David",TE,CLE,85.92696629213484,82.0,178,david njoku,84,101.0,71.0,85.3,TE
17081,"Egbuka, Emeka",WR,TBB,86.92553191489361,84.5,188,emeka egbuka,94,71.0,88.0,84.3,WR
15253,"Etienne, Travis",RB,JAC,88.61702127659575,88.0,188,travis etienne,92,86.0,117.0,98.3,RB
14800,"Dobbins, J.K.",RB,DEN,88.84408602150538,86.5,186,jk dobbins,108,88.0,99.0,98.3,RB
14136,"Samuel, Deebo",WR,WAS,89.49180327868852,88.0,183,deebo samuel,81,85.0,94.0,86.7,WR
16622,"Pearsall, Ricky",WR,SFO,90.92432432432432,86.0,185,ricky pearsall,98,69.0,100.0,89.0,WR
17048,"Johnson, Kaleb",RB,PIT,92.20555555555556,89.5,180,kaleb johnson,77,75.0,93.0,81.7,RB
13189,"Engram, Evan",TE,DEN,92.21348314606742,90.0,178,evan engram,78,90.0,78.0,82.0,TE
15698,"Purdy, Brock",QB,SFO,94.05882352941175,94.0,187,brock purdy,109,122.0,79.0,103.3,QB
12186,"Diggs, Stefon",WR,NEP,94.89784946236558,93.0,186,stefon diggs,87,84.0,86.0,85.7,WR
17102,"Warren, Tyler",TE,IND,94.98305084745763,91.0,177,tyler warren,86,94.0,87.0,89.0,TE
14127,"Meyers, Jakobi",WR,JAC,95.0,92.5,178,jakobi meyers,82,97.0,82.0,87.0,WR
13164,"Kupp, Cooper",WR,SEA,99.5464480874317,98.0,183,cooper kupp,83,89.0,83.0,85.0,WR
17075,"Golden, Matthew",WR,GBP,100.26373626373626,97.0,182,matthew golden,91,87.0,81.0,86.3,WR
17256,"Croskey-Merritt, Jacory",RB,WAS,101.75925925925924,100.0,162,jacory croskey-merritt,156,81.0,89.0,108.7,RB
13404,"Ekeler, Austin",RB,WAS,106.26966292134831,103.0,178,austin ekeler,133,98.0,97.0,109.3,RB
15256,"Williams, Javonte",RB,DAL,107.35754189944134,106.0,179,javonte williams,111,91.0,104.0,102.0,RB
16150,"Stroud, C.J.",QB,HOU,108.28804347826087,110.5,184,cj stroud,121,149.0,137.0,135.7,QB
14860,"Jennings, Jauan",WR,SFO,108.50581395348836,106.0,172,jauan jennings,103,103.0,114.0,106.7,WR
16186,"Addison, Jordan",WR,MIN,109.19540229885058,106.0,174,jordan addison,85,95.0,108.0,96.0,WR
16169,"Charbonnet, Zach",RB,SEA,109.4235294117647,106.0,170,zach charbonnet,110,80.0,134.0,108.0,RB
15972,"Mason, Jordan",RB,MIN,110.26285714285714,107.0,175,jordan mason,106,79.0,123.0,102.7,RB
16222,"Kraft, Tucker",TE,GBP,110.47904191616766,108.0,167,tucker kraft,116,110.0,107.0,111.0,TE
14779,"Herbert, Justin",QB,LAC,110.91256830601093,114.0,183,justin herbert,105,131.0,90.0,108.7,QB
13131,"Mixon, Joe",RB,HOU,114.11585365853658,113.0,164,joe mixon,73,96.0,102.0,90.3,RB
15259,"Stevenson, Rhamondre",RB,NEP,114.51428571428572,112.0,175,rhamondre stevenson,129,109.0,109.0,115.7,RB
16579,"Williams, Caleb",QB,CHI,114.98907103825135,118.0,183,caleb williams,142,105.0,110.0,119.0,QB
16580,"Maye, Drake",QB,NEP,115.16111111111113,118.0,180,drake maye,132,136.0,129.0,132.3,QB
13610,"Chubb, Nick",RB,HOU,115.32954545454544,112.5,176,nick chubb,124,108.0,145.0,125.7,RB
17104,"Loveland, Colston",TE,CHI,116.02312138728324,115.0,173,colston loveland,102,115.0,113.0,110.0,TE
15761,"Shakir, Khalil",WR,BUF,118.26285714285714,113.0,175,khalil shakir,95,104.0,106.0,101.7,WR
13163,"Godwin, Chris",WR,TBB,119.3132530120482,118.0,166,chris godwin,101,102.0,95.0,99.3,WR
16617,"Coleman, Keon",WR,BUF,122.4733727810651,122.0,169,keon coleman,122,117.0,111.0,116.7,WR
14782,"Love, Jordan",QB,GBP,124.5,131.0,174,jordan love,148,156.0,132.0,145.3,QB
16213,"Kincaid, Dalton",TE,BUF,126.47798742138365,128.0,159,dalton kincaid,113,141.0,125.0,126.3,TE
17045,"Skattebo, Cam",RB,NYG,126.8698224852071,124.0,169,cam skattebo,100,100.0,112.0,104.0,RB
15329,"Pitts, Kyle",TE,ATL,128.08805031446542,129.0,159,kyle pitts,114,139.0,141.0,131.3,TE
16184,"Reed, Jayden",WR,GBP,128.19745222929936,129.0,157,jayden reed,112,114.0,124.0,116.7,WR
15293,"Bateman, Rashod",WR,BAL,128.40718562874252,126.0,167,rashod bateman,167,194.0,175.0,178.7,WR
15238,"Fields, Justin",QB,NYJ,128.90058479532163,129.0,171,justin fields,153,124.0,118.0,131.7,QB
17051,"Judkins, Quinshon",RB,CLE,129.89403973509934,128.0,151,quinshon judkins,79,119.0,127.0,108.3,RB
16164,"Bigsby, Tank",RB,PHI,131.1863354037267,129.0,161,tank bigsby,139,99.0,128.0,122.0,RB
13674,"Goedert, Dallas",TE,PHI,132.5448717948718,137.0,156,dallas goedert,146,164.0,131.0,147.0,TE
15713,"Ford, Jerome",RB,CLE,134.47826086956522,131.0,161,jerome ford,181,118.0,157.0,152.0,RB
12676,"Henry, Hunter",TE,NEP,135.73154362416108,137.0,149,hunter henry,171,169.0,158.0,166.0,TE
15254,"Harris, Najee",RB,LAC,135.7639751552795,136.0,161,najee harris,145,120.0,169.0,144.7,RB
16187,"Downs, Josh",WR,IND,136.979020979021,134.0,143,josh downs,120,121.0,136.0,125.7,WR
15799,"Ferguson, Jake",TE,DAL,138.47368421052633,138.5,152,jake ferguson,130,132.0,133.0,131.7,TE
15721,"White, Rachaad",RB,TBB,138.7388535031847,140.0,157,rachaad white,169,126.0,146.0,147.0,RB
16596,"Allen, Braelon",RB,NYJ,139.42176870748298,136.0,147,braelon allen,158,107.0,160.0,141.7,RB
15237,"Lawrence, Trevor",QB,JAC,139.83132530120483,142.5,166,trevor lawrence,179,147.0,170.0,165.3,QB
16080,"Shaheed, Rashid",WR,SEA,140.20289855072463,140.0,138,rashid shaheed,137,148.0,130.0,138.3,WR
16584,"McCarthy, J.J.",QB,MIN,140.2470588235294,139.0,170,jj mccarthy,150,145.0,135.0,143.3,QB
16603,"Davis, Ray",RB,BUF,141.1216216216216,140.0,148,ray davis,186,140.0,190.0,172.0,RB
11247,"Ertz, Zach",TE,WAS,141.3082191780822,144.0,146,zach ertz,152,175.0,156.0,161.0,TE
14974,"Mooney, Darnell",WR,ATL,142.20422535211267,136.0,142,darnell mooney,140,137.0,138.0,138.3,WR
11222,"Allen, Keenan",WR,LAC,144.89261744966444,143.0,149,keenan allen,135,133.0,121.0,129.7,WR
15757,"Robinson, Wan'Dale",WR,NYG,146.06201550387595,146.0,129,wandale robinson,194,179.0,174.0,182.3,WR
13633,"Kirk, Christian",WR,HOU,146.42748091603053,147.0,131,christian kirk,163,150.0,176.0,163.0,WR
17069,"Blue, Jaydon",RB,DAL,147.4453125,149.0,128,jaydon blue,144,111.0,159.0,138.0,RB
16583,"Penix Jr., Michael",QB,ATL,148.55769230769232,153.0,156,michael penix jr,185,192.0,177.0,184.7,QB
16189,"Mims, Marvin",WR,DEN,149.31932773109244,153.0,119,marvin mims,149,129.0,167.0,148.3,WR
11938,"Thielen, Adam",WR,FA,149.3409090909091,151.0,132,adam thielen,164,189.0,152.0,168.3,WR
16594,"Benson, Trey",RB,ARI,150.512,148.0,125,trey benson,160,123.0,151.0,144.7,RB
14778,"Tagovailoa, Tua",QB,MIA,152.24460431654677,155.0,139,tua tagovailoa,210,162.0,166.0,179.3,QB
9431,"Stafford, Matthew",QB,LAR,152.76859504132233,160.0,121,matthew stafford,204,201.0,165.0,190.0,QB
17107,"Ferguson, Terrance",TE,LAR,153.56,156.0,25,terrance ferguson,260,,236.0,248.0,TE
17052,"Tuten, Bhayshul",RB,JAC,155.90217391304347,159.0,92,bhayshul tuten,172,125.0,172.0,156.3,RB
12175,"Cooper, Amari",WR,FA,156.64864864864865,162.5,74,amari cooper,230,195.0,207.0,210.7,WR
17083,"Higgins, Jayden",WR,HOU,157.14705882352942,159.0,102,jayden higgins,126,134.0,142.0,134.0,WR
14840,"Aiyuk, Brandon",WR,SFO,157.3490566037736,154.5,106,brandon aiyuk,138,142.0,164.0,148.0,WR
7836,"Rodgers, Aaron",QB,PIT,157.4392523364486,158.0,107,aaron rodgers,231,238.0,194.0,221.0,QB
16165,"Spears, Tyjae",RB,TEN,157.65822784810126,157.0,79,tyjae spears,166,138.0,149.0,151.0,RB
17030,"Ward, Cam",QB,TEN,158.021978021978,156.0,91,cam ward,168,226.0,173.0,189.0,QB
15798,"Likely, Isaiah",TE,BAL,158.4271844660194,163.0,103,isaiah likely,174,196.0,200.0,190.0,TE
14867,"Kmet, Cole",TE,CHI,158.6161616161616,159.0,99,cole kmet,274,,222.0,248.0,TE
15331,"Freiermuth, Pat",TE,PIT,158.72173913043477,158.0,115,pat freiermuth,221,218.0,199.0,212.7,TE
16148,"Young, Bryce",QB,CAR,158.90178571428572,163.0,112,bryce young,208,185.0,192.0,195.0,QB
17047,"Sampson, Dylan",RB,CLE,159.30985915492957,158.0,71,dylan sampson,183,135.0,220.0,179.3,RB
14823,"Dowdle, Rico",RB,CAR,159.3821138211382,162.0,123,rico dowdle,195,143.0,,169.0,RB
15712,"Allgeier, Tyler",RB,ATL,161.25688073394497,164.0,109,tyler allgeier,187,152.0,162.0,167.0,RB
13138,"Hunt, Kareem",RB,KCC,161.61344537815123,164.0,119,kareem hunt,184,155.0,,169.5,RB
11150,"Smith, Geno",QB,LVR,163.54166666666666,163.5,72,geno smith,238,202.0,204.0,214.7,QB
17157,"TeSlaa, Isaac",WR,DET,164.97674418604652,167.0,43,isaac teslaa,196,206.0,213.0,205.0,WR
13772,"Schultz, Dalton",TE,HOU,165.71794871794873,174.0,39,dalton schultz,242,,,242.0,TE
16342,"Douglas, Demario",WR,NEP,165.74157303370785,165.0,89,demario douglas,206,180.0,,193.0,WR
13193,"Smith, Jonnu",TE,PIT,167.3448275862069,172.0,87,jonnu smith,123,157.0,182.0,154.0,TE
16639,"Legette, Xavier",WR,CAR,167.67142857142858,170.5,70,xavier legette,189,178.0,154.0,173.7,WR
16688,"Guerendo, Isaac",RB,SFO,168.87234042553192,165.0,47,isaac guerendo,192,177.0,238.0,202.3,RB
17106,"Taylor, Mason",TE,NYJ,168.96666666666667,168.5,60,mason taylor,216,204.0,,210.0,TE
16191,"Tillman, Cedric",WR,CLE,169.1451612903226,166.5,62,cedric tillman,191,174.0,168.0,177.7,WR
14105,"Brown, Marquise",WR,KCC,169.1891891891892,168.0,37,marquise brown,193,167.0,171.0,177.0,WR
14086,"Hill, Justice",RB,BAL,169.80263157894737,175.5,76,justice hill,243,181.0,,212.0,RB
13592,"Darnold, Sam",QB,SEA,170.40350877192984,171.0,57,sam darnold,235,203.0,202.0,213.3,QB
15889,"Okonkwo, Chigoziem",TE,TEN,170.81632653061226,169.0,49,chigoziem okonkwo,202,184.0,,193.0,TE
16601,"Shipley, Will",RB,PHI,171.01492537313433,173.0,67,will shipley,211,186.0,218.0,205.0,RB
17080,"Noel, Jaylin",WR,HOU,171.57894736842104,172.0,19,jaylin noel,253,182.0,,217.5,WR
12263,"Waller, Darren",TE,MIA,171.6,172.5,70,darren waller,201,233.0,179.0,204.3,TE
16269,"Strange, Brenton",TE,JAC,171.875,172.5,80,brenton strange,190,176.0,209.0,191.7,TE
15802,"Otton, Cade",TE,TBB,173.13333333333333,169.0,30,cade otton,217,172.0,191.0,193.3,TE
9064,"Flacco, Joe",QB,CIN,173.3846153846154,178.0,13,joe flacco,279,,234.0,256.5,QB
17072,"Harris, Tre",WR,LAC,173.93103448275863,178.0,29,tre harris,154,170.0,,162.0,WR
16188,"Johnston, Quentin",WR,LAC,174.25,174.0,68,quentin johnston,248,,,248.0,WR
10703,"Wilson, Russell",QB,NYG,174.72413793103448,183.0,29,russell wilson,261,,231.0,246.0,QB
17031,"Sanders, Shedeur",QB,CLE,175.58333333333334,172.5,12,shedeur sanders,205,,205.0,205.0,QB
16175,"Johnson, Roschon",RB,CHI,175.76923076923077,183.5,26,roschon johnson,244,219.0,,231.5,RB
16610,"Wright, Jaylen",RB,MIA,176.11904761904762,175.5,42,jaylen wright,213,188.0,181.0,194.0,RB
17134,"Williams, Kyle",WR,NEP,176.55172413793105,184.0,29,kyle williams,188,165.0,,176.5,WR
13672,"Gesicki, Mike",TE,CIN,177.3720930232558,178.0,43,mike gesicki,220,,,220.0,TE
15779,"Doubs, Romeo",WR,GBP,177.5344827586207,182.0,58,romeo doubs,212,210.0,,211.0,WR
17053,"Marks, Woody",RB,HOU,177.57575757575756,173.0,33,woody marks,203,159.0,,181.0,RB
14861,"Johnson, Juwan",TE,NOS,179.2962962962963,187.0,27,juwan johnson,269,,,269.0,TE
17078,"Bech, Jack",WR,LVR,180.0,183.0,13,jack bech,219,200.0,,209.5,WR
16152,"Richardson, Anthony",QB,IND,180.05882352941177,179.0,17,anthony richardson,251,,233.0,242.0,QB
17082,"Bryant, Pat",WR,DEN,180.42857142857144,178.0,14,pat bryant,241,213.0,,227.0,WR
17032,"Dart, Jaxson",QB,NYG,182.20833333333337,174.0,24,jaxson dart,229,,203.0,216.0,QB
12187,"Lockett, Tyler",WR,LVR,182.9811320754717,190.0,53,tyler lockett,215,,,215.0,WR
11232,"Hopkins, DeAndre",WR,BAL,183.375,190.5,24,deandre hopkins,214,161.0,,187.5,WR
17108,"Arroyo, Elijah",TE,SEA,184.0,182.5,10,elijah arroyo,209,234.0,,221.5,TE
17098,"Horton, Tory",WR,SEA,184.9,176.5,20,tory horton,234,223.0,242.0,233.0,WR
16649,"Johnson, Theo",TE,NYG,186.0,186.0,11,theo johnson,263,,,263.0,TE
17066,"Monangai, Kyle",RB,CHI,186.46666666666667,186.0,15,kyle monangai,240,146.0,,193.0,RB
17033,"Milroe, Jalen",QB,SEA,186.8,171.0,5,jalen milroe,273,,237.0,255.0,QB
17064,"Hunter, Jarquez",RB,LAR,187.0,187.0,13,jarquez hunter,252,190.0,,221.0,RB
16171,"Miller, Kendre",RB,NOS,187.05263157894737,186.0,19,kendre miller,267,193.0,,230.0,RB
16593,"Corum, Blake",RB,LAR,187.9512195121951,188.0,41,blake corum,222,216.0,,219.0,RB
16628,"McMillan, Jalen",WR,TBB,188.42857142857144,185.0,7,jalen mcmillan,223,,,223.0,WR
14059,"Jones, Daniel",QB,IND,189.0,199.0,20,daniel jones,280,,,280.0,QB
15768,"Pierce, Alec",WR,IND,189.22857142857143,188.0,35,alec pierce,250,221.0,,235.5,WR
17058,"Brooks, Tahj",RB,CIN,189.7058823529412,186.0,17,tahj brooks,237,212.0,,224.5,RB
16206,"Wilson, Michael",WR,ARI,192.5,186.5,36,michael wilson,259,,,259.0,WR
16619,"Franklin, Troy",WR,DEN,193.1428571428571,185.0,14,troy franklin,281,241.0,,261.0,WR
16178,"Mitchell, Keaton",RB,BAL,193.22222222222223,189.0,18,keaton mitchell,232,197.0,,214.5,RB
12447,"Mostert, Raheem",RB,LVR,193.3703703703704,186.0,27,raheem mostert,239,,,239.0,RB
16207,"Iosivas, Andrei",WR,CIN,194.0,197.0,19,andrei iosivas,265,,,265.0,WR
16809,"Coker, Jalen",WR,CAR,195.0,186.5,16,jalen coker,255,243.0,,249.0,WR
17049,"Smith, Brashard",RB,KCC,197.92307692307693,189.0,13,brashard smith,254,198.0,,226.0,RB
17060,"Giddens, DJ",RB,IND,200.0,194.5,14,dj giddens,245,211.0,,228.0,RB
14122,"Slayton, Darius",WR,NYG,209.375,214.5,8,darius slayton,266,215.0,,240.5,WR
16390,"McLaughlin, Jaleel",RB,DEN,209.4,204.0,5,jaleel mclaughlin,282,,,282.0,RB
16604,"Lloyd, MarShawn",RB,GBP,209.83333333333337,196.5,6,marshawn lloyd,262,,,262.0,RB
13675,"Conklin, Tyler",TE,LAC,213.5,213.5,2,tyler conklin,283,,241.0,262.0,TE
16643,"Sanders, Ja'Tavion",TE,CAR,215.0,191.0,5,jatavion sanders,257,,,257.0,TE
15337,"Gray, Noah",TE,KCC,216.83333333333337,214.5,6,noah gray,271,,230.0,250.5,TE
17073,"Ayomanor, Elic",WR,TEN,222.8571428571429,214.0,7,elic ayomanor,207,,,207.0,WR
16626,"Mitchell, Adonai",WR,NYJ,230.8,200.0,5,adonai mitchell,247,,,247.0,WR
14079,"Sanders, Miles",RB,DAL,239.8,240.0,5,miles sanders,249,209.0,,229.0,RB
16195,"Wicks, Dontayvion",WR,GBP,242.75,233.5,4,dontayvion wicks,277,,244.0,260.5,WR
15263,"Mitchell, Elijah",RB,NEP,282.0,297.0,3,elijah mitchell,275,208.0,,241.5,RB
